{
    "positive": {
        "precision": 0.9361702127659575,
        "recall": 0.8979591836734694,
        "f1-score": 0.9166666666666666,
        "support": 98.0
    },
    "neutral": {
        "precision": 0.0,
        "recall": 0.0,
        "f1-score": 0.0,
        "support": 0.0
    },
    "negative": {
        "precision": 0.98989898989899,
        "recall": 0.5444444444444444,
        "f1-score": 0.7025089605734767,
        "support": 180.0
    },
    "accuracy": 0.6690647482014388,
    "macro avg": {
        "precision": 0.6420230675549825,
        "recall": 0.4808012093726379,
        "f1-score": 0.5397252090800477,
        "support": 278.0
    },
    "weighted avg": {
        "precision": 0.9709586296146835,
        "recall": 0.6690647482014388,
        "f1-score": 0.7780034037286299,
        "support": 278.0
    },
    "micro avg": {
        "precision": 0.6690647482014388,
        "recall": 0.6690647482014388,
        "f1-score": 0.6690647482014388,
        "support": 278
    }
}