{
    "positive": {
        "precision": 0.5111111111111111,
        "recall": 0.6052631578947368,
        "f1-score": 0.5542168674698795,
        "support": 38.0
    },
    "neutral": {
        "precision": 0.9194444444444444,
        "recall": 0.8994565217391305,
        "f1-score": 0.9093406593406593,
        "support": 368.0
    },
    "negative": {
        "precision": 0.6666666666666666,
        "recall": 0.6818181818181818,
        "f1-score": 0.6741573033707865,
        "support": 44.0
    },
    "accuracy": 0.8533333333333334,
    "macro avg": {
        "precision": 0.699074074074074,
        "recall": 0.7288459538173497,
        "f1-score": 0.7125716100604418,
        "support": 450.0
    },
    "weighted avg": {
        "precision": 0.8602469135802469,
        "recall": 0.8533333333333334,
        "f1-score": 0.8563567221100725,
        "support": 450.0
    }
}