{
    "positive": {
        "precision": 0.861003861003861,
        "recall": 0.724025974025974,
        "f1-score": 0.7865961199294532,
        "support": 616.0
    },
    "neutral": {
        "precision": 0.6587064676616915,
        "recall": 0.7413213885778276,
        "f1-score": 0.6975763962065332,
        "support": 893.0
    },
    "negative": {
        "precision": 0.6889250814332247,
        "recall": 0.6735668789808917,
        "f1-score": 0.6811594202898551,
        "support": 628.0
    },
    "accuracy": 0.7164248947122134,
    "macro avg": {
        "precision": 0.7362118033662591,
        "recall": 0.7129714138615645,
        "f1-score": 0.7217773121419472,
        "support": 2137.0
    },
    "weighted avg": {
        "precision": 0.7258999556108254,
        "recall": 0.7164248947122134,
        "f1-score": 0.7184122824665449,
        "support": 2137.0
    }
}