{
    "positive": {
        "precision": 0.9495114006514658,
        "recall": 0.9464285714285714,
        "f1-score": 0.9479674796747968,
        "support": 616.0
    },
    "neutral": {
        "precision": 0.9283314669652856,
        "recall": 0.9283314669652856,
        "f1-score": 0.9283314669652856,
        "support": 893.0
    },
    "negative": {
        "precision": 0.926984126984127,
        "recall": 0.9299363057324841,
        "f1-score": 0.9284578696343402,
        "support": 628.0
    },
    "accuracy": 0.9340196537201685,
    "macro avg": {
        "precision": 0.9349423315336262,
        "recall": 0.934898781375447,
        "f1-score": 0.9349189387581408,
        "support": 2137.0
    },
    "weighted avg": {
        "precision": 0.9340407368026834,
        "recall": 0.9340196537201685,
        "f1-score": 0.9340287831586526,
        "support": 2137.0
    }
}