{
    "positive": {
        "precision": 1.0,
        "recall": 0.9387755102040817,
        "f1-score": 0.968421052631579,
        "support": 98.0
    },
    "neutral": {
        "precision": 0.0,
        "recall": 0.0,
        "f1-score": 0.0,
        "support": 0.0
    },
    "negative": {
        "precision": 0.967741935483871,
        "recall": 1.0,
        "f1-score": 0.9836065573770492,
        "support": 180.0
    },
    "accuracy": 0.9784172661870504,
    "macro avg": {
        "precision": 0.6559139784946236,
        "recall": 0.6462585034013606,
        "f1-score": 0.6506758700028761,
        "support": 278.0
    },
    "weighted avg": {
        "precision": 0.9791134834068229,
        "recall": 0.9784172661870504,
        "f1-score": 0.9782533938336819,
        "support": 278.0
    }
}